Model,ROC-AUC,PR-AUC
Logistic Regression,0.9735958800374398,0.7499218768916814
Random Forest,0.969607488113422,0.8602840982285547
XGBoost,0.9753456690076143,0.8458541375504365
