Model,ROC-AUC,PR-AUC
Logistic Regression,0.9719874056825881,0.7334698599468198
Random Forest,0.969530774465104,0.8687336096118433
XGBoost,0.9774542625153606,0.8535859722888008
